{"v":5,"entries":{"changelog--docs":{"id":"changelog--docs","title":"Changelog","name":"Docs","importPath":"./components/Changelog.mdx","storiesImports":[],"type":"docs","tags":["dev","test","autodocs","unattached-mdx"]},"introduction--docs":{"id":"introduction--docs","title":"Introduction","name":"Docs","importPath":"./components/Introduction.mdx","storiesImports":[],"type":"docs","tags":["dev","test","autodocs","unattached-mdx"]},"button--docs":{"id":"button--docs","title":"Button","name":"Docs","importPath":"./components/button/button.stories.tsx","type":"docs","tags":["dev","test","autodocs","play-fn"],"storiesImports":[]},"button--包装按钮":{"type":"story","id":"button--包装按钮","name":"包装按钮","title":"Button","importPath":"./components/button/button.stories.tsx","componentPath":"./components/button/button.tsx","tags":["dev","test","autodocs","play-fn"]},"button--antd按钮":{"type":"story","id":"button--antd按钮","name":"Antd按钮","title":"Button","importPath":"./components/button/button.stories.tsx","componentPath":"./components/button/button.tsx","tags":["dev","test","autodocs"]},"upload--docs":{"id":"upload--docs","title":"Upload","name":"Docs","importPath":"./components/upload/upload.stories.tsx","type":"docs","tags":["dev","test","autodocs"],"storiesImports":[]},"upload--upload-comp":{"type":"story","id":"upload--upload-comp","name":"Upload Comp","title":"Upload","importPath":"./components/upload/upload.stories.tsx","componentPath":"./components/upload/upload.tsx","tags":["dev","test","autodocs"]}}}